decision,group
buyDVD,control
buyDVD,control
buyDVD,control
buyDVD,control
buyDVD,control
buyDVD,control
buyDVD,control
buyDVD,control
buyDVD,control
buyDVD,control
buyDVD,control
buyDVD,control
buyDVD,control
buyDVD,control
buyDVD,control
buyDVD,control
buyDVD,control
buyDVD,control
buyDVD,control
buyDVD,control
buyDVD,control
buyDVD,control
buyDVD,control
buyDVD,control
buyDVD,control
buyDVD,control
buyDVD,control
buyDVD,control
buyDVD,control
buyDVD,control
buyDVD,control
buyDVD,control
buyDVD,control
buyDVD,control
buyDVD,control
buyDVD,control
buyDVD,control
buyDVD,control
buyDVD,control
buyDVD,control
buyDVD,control
buyDVD,control
buyDVD,control
buyDVD,control
buyDVD,control
buyDVD,control
buyDVD,control
buyDVD,control
buyDVD,control
buyDVD,control
buyDVD,control
buyDVD,control
buyDVD,control
buyDVD,control
buyDVD,control
buyDVD,control
buyDVD,treatment
buyDVD,treatment
buyDVD,treatment
buyDVD,treatment
buyDVD,treatment
buyDVD,treatment
buyDVD,treatment
buyDVD,treatment
buyDVD,treatment
buyDVD,treatment
buyDVD,treatment
buyDVD,treatment
buyDVD,treatment
buyDVD,treatment
buyDVD,treatment
buyDVD,treatment
buyDVD,treatment
buyDVD,treatment
buyDVD,treatment
buyDVD,treatment
buyDVD,treatment
buyDVD,treatment
buyDVD,treatment
buyDVD,treatment
buyDVD,treatment
buyDVD,treatment
buyDVD,treatment
buyDVD,treatment
buyDVD,treatment
buyDVD,treatment
buyDVD,treatment
buyDVD,treatment
buyDVD,treatment
buyDVD,treatment
buyDVD,treatment
buyDVD,treatment
buyDVD,treatment
buyDVD,treatment
buyDVD,treatment
buyDVD,treatment
buyDVD,treatment
nobuyDVD,control
nobuyDVD,control
nobuyDVD,control
nobuyDVD,control
nobuyDVD,control
nobuyDVD,control
nobuyDVD,control
nobuyDVD,control
nobuyDVD,control
nobuyDVD,control
nobuyDVD,control
nobuyDVD,control
nobuyDVD,control
nobuyDVD,control
nobuyDVD,control
nobuyDVD,control
nobuyDVD,control
nobuyDVD,control
nobuyDVD,control
nobuyDVD,treatment
nobuyDVD,treatment
nobuyDVD,treatment
nobuyDVD,treatment
nobuyDVD,treatment
nobuyDVD,treatment
nobuyDVD,treatment
nobuyDVD,treatment
nobuyDVD,treatment
nobuyDVD,treatment
nobuyDVD,treatment
nobuyDVD,treatment
nobuyDVD,treatment
nobuyDVD,treatment
nobuyDVD,treatment
nobuyDVD,treatment
nobuyDVD,treatment
nobuyDVD,treatment
nobuyDVD,treatment
nobuyDVD,treatment
nobuyDVD,treatment
nobuyDVD,treatment
nobuyDVD,treatment
nobuyDVD,treatment
nobuyDVD,treatment
nobuyDVD,treatment
nobuyDVD,treatment
nobuyDVD,treatment
nobuyDVD,treatment
nobuyDVD,treatment
nobuyDVD,treatment
nobuyDVD,treatment
nobuyDVD,treatment
nobuyDVD,treatment
